PATRELLE;SNAP CRACKLE;snap.jpg;14.99;€ les 60;MIAM
PATRELLE;CRAYONS CHOCOLATS ;;7.99;€ les 10;ouf incrayble
PATRELLE;DIPLICK COLA;diplickcola.png;7.99;€ les 40;quel bonbon extroadinaire
PATRELLE;DIPLICK CERISE;diplick.png;7.99;€ les 40;EXTRAORDINAIRE
PATRELLE;DIPLICK MURE ;;7.99;€ les 40;WOW
PATRELLE;ZANIGLOO ALIENS;;12.99;€ les 40;excellent
PATRELLE;ZANIGLOO COLA ;;10.99;€ les 24;génial
PATRELLE;TOURNESOL;;8.95;€ les 50;succulent
PATRELLE;BOULE COCO;;7.5;€ les 50;bof
PATRELLE;ROUDOUDOU ;;6;€ les 25;nul
PATRELLE;TOP FRUIT ;;6;€ les 25;dégeux
PATRELLE;FIZZER 10 ;;6;€ les 100;la gerder
PATRELLE;LOLLIE BIBPOP;;10;€ les 100 ;
PATRELLE;SOUCOUPE;;19.9;€ les 500;
PATRELLE; SUCETTE ROCK;;6;€ les 25;
PATRELLE;TOP MALLOWS;;9.9;€ les 1,1KG;
PATRELLE;MALLOWS TWIST;;7.5;€ les 110;
;;;;;
;;;;;
FINI;ANNEAU ASSORTIT;;7.5;€ les 1KG;
FINI;BALLE DE GOLF VANILLE;;8.5;€ les 1KG;
FINI;BALLE DE GOLF PECHE;;8.5;€ les 1KG;
FINI;BALLE DE GOLF BANANE;;8.5;€ les 1KG;
FINI;BALLE DE GOLF FRAISE;;8.5;€ les 1KG;
FINI;BALLE DE GOLF FRAMBOISE ;;8.5;€ les 1KG;
FINI;BALLE DE GOLF POMME;;8.5;€ les 1KG;
FINI;BANANE;;14.9;€ les 385;
FINI;BISOUS FRAISE FIZZ ;;14.9;€ les 385;
FINI;BOUCHE FINI ;;14.9;€ les 385;
FINI;BOUTEILLE BUBBLE GUM ;;14.9;€ les 385;
FINI;BRIQUE FRAISE ;;8.5;€ les 1KG;
FINI;CIBLE GUIMAUVE ;;8.5;€ les 1KG;
FINI;TRANCHE PASTEQUE ;;13.5;€ les 300;
FINI;CRUNCHY MALLOWS COLA ;;13.99;€ les 200;
FINI;CRUNCHY MALLOWS FRAISE ;;13.99;€ les 200;
FINI;CROCO SUCRE ;;7.5;€ les 1KG;
FINI;CŒUR PECHE SUCRE ;;7.5;€ les 1KG;
FINI;FRAISE SAUVAGE ;;7.99;€ les 1KG;
FINI;CITRON BATTUE ;;7.99;€ les 1KG;
FINI;FRAISE SAUVAGE CITRIQUE ;;7.99;€ les 1KG;
FINI;MURE ;;8.5;€ les 1KG;
FINI;MACEDOINE GUM ;;8.5;€ les 1KG;
